{"winkey":"w","interval":2000,"keymaps":{"e":"explorer","b":"edge","s":"mpowershell","w":"powershell"},"apps":{"explorer":{"multi":false,"args":"","exe":"Explorer.EXE","path":"C:/Windows/explorer.exe","tray":false,"doubleClickTary":false,"class":"CabinetWClass","idlast":false,"afterLaunchSend":"","reactInterval":0},"edge":{"multi":false,"args":"","exe":"msedge.exe","path":"C:/Program Files (x86)/Microsoft/Edge/Application/msedge.exe","tray":false,"doubleClickTary":false,"class":"Chrome_WidgetWin_1","idlast":false,"afterLaunchSend":"","reactInterval":0},"powershell":{"multi":false,"args":"","exe":"powershell.exe","path":"C:/Windows/System32/WindowsPowerShell/v1.0/powershell.exe","tray":false,"doubleClickTary":false,"class":"ConsoleWindowClass","idlast":false,"afterLaunchSend":"","reactInterval":0},"mpowershell":{"multi":true,"args":"","exe":"powershell.exe","path":"C:/Windows/System32/WindowsPowerShell/v1.0/powershell.exe","tray":false,"doubleClickTary":false,"class":"ConsoleWindowClass","idlast":false,"afterLaunchSend":"","reactInterval":0}}}